{
    "name": "Dynamsoft Barcode Reader Progressive Web App",
    "short_name": "DBR-PWA",
    "description": "Progressive Web App that reads barcodes from a video input with Dynamsoft Barcode Reader.",
    "start_url": "./helloworld-pwa.html",
    "scope": ".",
    "display": "standalone",
    "theme_color": "#B12A34",
    "background_color": "#B12A34",
    "icons": [
        {
          "src": "./dynamsoft-512x512.png",
          "sizes": "512x512",
          "type": "image/png"
        },
        {
          "src": "./dynamsoft-192x192.png",
          "sizes": "192x192",
          "type": "image/png"
        }
    ]
}
